product_id,name,category,price,stock_qty,avg_rating,return_rate,delivery_estimate_days,description
P0000,Sharable bifurcated algorithm,DIY,42.29,379,3.1,0.04,5,Development say quality throughout beautiful. All behavior discussion own night respond.
P0001,Total needs-based instruction set,Tools,206.24,456,2.7,0.11,9,Operation speak according south recently future choice. Bill here grow gas enough analysis.
P0002,Persevering national capability,Tools,37.17,119,4.0,0.14,9,Need stop peace technology. Court attorney product significant world talk term. Everyone player half have decide environment.
P0003,Synergized secondary archive,DIY,198.47,279,3.1,0.15,7,Move each left establish. Detail food shoulder argue start source husband. Decision wall then fire. How trip learn enter east no enjoy.
P0004,Reduced interactive paradigm,Home Decor,262.1,388,4.2,0.09,3,Despite young meeting before another body. Civil quite others his other life edge network. Quite boy those.
P0005,Versatile encompassing throughput,Garden,72.44,390,2.8,0.1,6,Fall citizen about reveal. Will seven medical blood personal. Participant check several much single morning a.
P0006,Inverse mobile adapter,Electronics,255.77,309,4.5,0.19,5,These story film around there water. Rule staff within mouth.
P0007,De-engineered clear-thinking protocol,Sports,46.2,472,2.7,0.08,7,Close month parent who up sense ready. Human public health tonight later. Different full open discover detail.
P0008,Compatible tertiary product,DIY,189.37,441,3.9,0.18,6,Attack all form method everything. Democrat car very number line six space.
P0009,Ergonomic bandwidth-monitored attitude,Tools,201.77,395,5.0,0.22,5,Interest level rock pull worker better. Rock song body court movie cell. Everything economic type kitchen.
P0010,Reactive bandwidth-monitored application,Home Decor,39.29,142,4.1,0.1,8,Why unit support. Image loss ten total. Her world enter six.
P0011,Persevering executive interface,Electronics,113.03,343,4.3,0.17,5,Choice father why often my security arm. Live try most arm meet surface attention attack. Identify walk now often always.
P0012,Configurable intangible protocol,Tools,186.65,87,4.3,0.05,9,Mission various daughter respond draw how public. Lead upon very act perform. You available defense enter value thing these. Expect just myself few worker southern.
P0013,Progressive 24/7 secured line,Furniture,88.28,473,3.0,0.09,9,Use billion there enough threat. Choice example decision garden reach table measure. Town suffer begin interest everybody.
P0014,Adaptive full-range throughput,Home Decor,235.04,117,4.5,0.11,1,Claim kind relationship night born. Nation strong old challenge.
P0015,De-engineered 6thgeneration function,Tools,71.19,482,4.7,0.09,10,Together decide economic. Government nice themselves wind. Understand door class son.
P0016,Enhanced incremental algorithm,DIY,154.78,452,2.9,0.04,8,Site in prove same easy city. Him although likely current.
P0017,Persevering grid-enabled function,DIY,172.8,134,3.6,0.15,10,Age cover foreign ten whom. Go meeting quickly such former.
P0018,Assimilated bifurcated firmware,Electronics,73.6,70,3.7,0.19,9,While enter board its rock finish paper memory. Tonight couple and job mind southern.
P0019,Synergized uniform support,Home Decor,41.8,321,4.5,0.11,3,Issue we TV perhaps professional by. Medical project for recent never.
P0020,Ergonomic intangible secured line,Tools,121.58,305,3.8,0.24,8,Past feeling nature a. Decision size parent focus kid. Memory soldier where save probably.
P0021,Horizontal multimedia protocol,Home Decor,283.3,348,4.2,0.14,2,Behavior weight dog financial southern challenge. Each little sure. Lay though offer responsibility. Manager during prevent accept seem show.
P0022,Customer-focused zero-defect interface,Electronics,232.89,174,3.2,0.05,2,Sound receive let newspaper. Lead soon property write.
P0023,Right-sized foreground system engine,Tools,286.61,448,4.9,0.19,5,Spring throughout interview trade knowledge city technology late. Style everyone sing machine dream. Back experience even floor music catch.
P0024,Focused human-resource solution,Sports,274.66,445,4.6,0.13,5,Ask imagine my indeed deal. Hope show watch affect thing offer.
P0025,Polarized 24hour help-desk,Garden,54.32,390,3.8,0.2,3,Table well industry section national owner. Major event magazine home protect.
P0026,Open-architected uniform concept,Sports,276.36,306,3.7,0.04,6,Wonder move trade option. Base investment term. Anyone here deep force.
P0027,Virtual homogeneous focus group,Electronics,264.83,425,3.1,0.07,5,Strong like see appear weight. Practice sit prepare senior wear. Stuff perform draw list boy.
P0028,Extended maximized standardization,Sports,284.62,43,4.5,0.24,8,Cold parent security boy standard who. Official up office traditional.
P0029,Multi-tiered hybrid structure,Sports,232.09,65,4.9,0.05,8,Option store drug recent. Sure outside building worker site.
P0030,Monitored national interface,Sports,263.01,216,4.8,0.19,4,Media game support state. Item gun through least. Itself safe whole establish.
P0031,Public-key zero-defect matrices,DIY,68.33,159,5.0,0.17,7,Stay or focus early various everything. During let particular her agreement surface consider. Great election evidence other they.
P0032,Realigned 24/7 model,Furniture,270.89,231,3.1,0.03,2,Drop image new drive. Position make society behavior develop reality fill.
P0033,Reduced holistic leverage,Tools,180.61,117,3.1,0.03,10,Gas you nearly goal law fill discover. Firm sea week real course. Everybody operation set others wonder strategy fast.
P0034,Multi-lateral context-sensitive framework,DIY,27.07,34,4.6,0.03,1,Call animal approach factor want point sell.
P0035,Customer-focused 24/7 orchestration,Garden,90.76,248,3.8,0.18,4,Long future whole education technology box assume. Available picture approach chance none fight yes.
P0036,Decentralized next generation task-force,Sports,177.1,124,4.5,0.06,8,Other peace simply herself training father open investment. Perform participant science way debate decision produce. Dream necessary choose impact.
P0037,Team-oriented radical leverage,Tools,201.1,181,3.5,0.22,7,Discuss religious reflect. Author do enough social operation sound cup.
P0038,Customizable needs-based definition,Tools,205.28,330,2.7,0.18,2,Step author coach film see. Tv keep light fight I evening music.
P0039,Organic attitude-oriented policy,Home Decor,259.89,127,3.0,0.12,4,Same page ago director purpose team.
P0040,Reverse-engineered 3rdgeneration task-force,Furniture,63.21,236,4.7,0.03,4,American series like prepare trouble consider one. Why like impact fly bit claim in.
P0041,Proactive executive protocol,Home Decor,259.79,281,2.6,0.25,2,Already because education break significant ten stay. Price my including. Million performance material kind appear.
P0042,Future-proofed neutral capacity,Home Decor,14.28,47,2.9,0.13,4,Thing machine ahead picture son report. Nearly need behavior yeah tree.
P0043,Persistent bottom-line project,Garden,260.75,462,2.9,0.01,1,Usually factor relate indeed lot line lead. Himself two meet these.
P0044,Cloned even-keeled throughput,Furniture,86.91,401,3.2,0.18,8,Various meet star executive fear only. Tend land machine forward several help usually. Wonder draw him task improve.
P0045,Intuitive value-added leverage,DIY,298.67,284,2.9,0.08,8,Write society present charge who call. Forward beyond suddenly between treat address century that. Avoid sit enter perhaps.
P0046,Object-based solution-oriented artificial intelligence,Tools,177.96,277,4.4,0.02,1,Here first responsibility service their along attention. Range explain dinner bed within set region beyond. Really tough animal someone.
P0047,Implemented heuristic hub,Sports,148.27,470,2.9,0.24,9,Each include radio conference. Bad that people drive. Central leave effect effort act source top quality.
P0048,Diverse asynchronous intranet,Tools,256.89,35,2.7,0.22,10,Federal while real lead few yourself table blood. Occur offer yeah far within probably. Account ten sing wind treat.
P0049,User-friendly modular forecast,Furniture,44.77,455,3.1,0.15,10,Soon despite couple economy sense should race carry. Tough position final kid.
P0050,Reduced high-level superstructure,Sports,33.78,336,3.9,0.09,10,Travel force indeed customer. Theory hand maybe evening clearly trial want.
P0051,Implemented value-added Graphical User Interface,Electronics,69.24,366,3.1,0.1,6,While cell whom team right woman whose. Hand so add Mr lawyer pull public.
P0052,Reduced homogeneous productivity,DIY,197.2,234,4.8,0.23,6,Push likely people wall. Trip determine as statement travel few. Bring animal also you break doctor.
P0053,Public-key client-driven info-mediaries,Tools,142.9,288,2.7,0.06,2,Provide sea watch industry score choice. Pressure street past voice evidence real. Kitchen wear talk between rate.
P0054,Quality-focused secondary help-desk,Electronics,48.41,178,4.7,0.1,2,Every why we station begin deep. Wife anything four writer skin day stop never.
P0055,Reverse-engineered didactic emulation,Garden,137.07,278,4.0,0.25,5,Small other everyone worker. Music sometimes body term. Address so draw food.
P0056,Enhanced empowering application,DIY,163.39,341,3.2,0.17,9,Moment second live sing message board. Develop past road training probably feeling poor.
P0057,Assimilated analyzing matrices,Garden,86.7,455,4.4,0.05,2,Rather make travel available ball part. Call person one Republican. Yes most law painting between reduce.
P0058,Streamlined solution-oriented throughput,Electronics,185.4,367,3.0,0.16,6,Involve thousand including still human. Fine fine effort well. Attack story behavior benefit school speech news.
P0059,Reverse-engineered next generation open architecture,Electronics,156.57,128,2.7,0.11,1,Improve them wait institution. Why outside goal. Medical choice lot suggest glass news boy.
P0060,Grass-roots object-oriented definition,Electronics,22.79,170,4.1,0.07,3,Window stand party poor ago upon stop. Ahead event several TV go. Thank not husband center.
P0061,Sharable 4thgeneration array,DIY,138.13,361,3.9,0.04,7,Heavy law church find food. Other third choose senior anyone bank kitchen. Magazine kind event sense box involve.
P0062,Horizontal systematic service-desk,DIY,272.14,279,4.6,0.15,1,Money final determine worker area daughter war. Share face build market. Compare herself region matter street south. However score job least.
P0063,Compatible foreground orchestration,Garden,134.64,21,3.4,0.23,5,Identify policy face if whom commercial way. Story turn because such during open model. That second develop single baby plan.
P0064,Progressive multimedia core,Home Decor,21.57,183,4.2,0.17,4,Road standard spring door chair culture. Check service away week physical less nor often. Poor worry follow wife firm key light.
P0065,Self-enabling exuding utilization,Electronics,236.23,452,4.9,0.19,7,Argue medical financial later arm story baby ten. Past medical leg never.
P0066,User-centric 6thgeneration knowledge user,Garden,260.74,499,4.7,0.02,3,Focus little character artist billion. Word base position always remain yard. Mission city health executive impact full our.
P0067,Self-enabling secondary groupware,DIY,278.1,400,4.5,0.22,7,Behind question exist rich prevent trade. Four old center glass.
P0068,Streamlined tangible protocol,Home Decor,81.97,81,3.5,0.02,2,Organization visit finally heavy. Spend prove stock school rate money. Meet adult final week game she.
P0069,Ergonomic directional challenge,Furniture,74.51,418,3.4,0.21,8,Fast small medical music. Also from short capital heavy class story.
P0070,Visionary regional workforce,Home Decor,76.0,12,3.5,0.08,4,Analysis hair rest wide particular sell. Doctor dream whole six tough create question.
P0071,Re-engineered leadingedge Local Area Network,Tools,290.4,142,4.1,0.11,6,Me industry class current painting their. Political them never.
P0072,Customer-focused transitional model,Home Decor,165.5,480,2.8,0.24,1,Base civil last message store. Watch develop later glass.
P0073,Assimilated intangible application,Garden,178.37,135,2.8,0.11,1,Hear history bank different five between research. Social case expert stop receive catch. Large accept bad eight strong nature road.
P0074,Progressive interactive budgetary management,DIY,238.06,223,5.0,0.04,10,Feeling answer information soldier lead. Student matter movie place.
P0075,Re-engineered disintermediate structure,Sports,65.12,22,2.5,0.23,7,Investment pass drive indicate professor. Model guess well name.
P0076,Profit-focused neutral adapter,Sports,209.19,481,3.4,0.03,4,Analysis hit health section ground attack drop. Billion old series card good full poor store. Wonder long consider care respond want already.
P0077,Exclusive 6thgeneration utilization,DIY,277.02,319,4.2,0.04,6,Firm financial huge. List already positive experience television answer pretty.
P0078,Future-proofed bottom-line website,Electronics,157.07,341,3.3,0.18,7,Threat sea thus hit wind many. Happen something entire bar interesting issue yet. Nation fly bag produce.
P0079,Integrated local portal,Sports,46.91,215,4.2,0.23,7,Ready goal amount thank. Past itself police social arm provide. Guy song quickly well central parent.
P0080,Organic 5thgeneration capacity,Sports,175.04,207,4.6,0.08,9,Sing hand him note painting. We head several off morning huge power.
P0081,Fully-configurable bifurcated algorithm,Garden,134.67,296,4.1,0.12,10,Military trial brother simple region Democrat partner. Customer career available common require young specific.
P0082,Intuitive static hardware,Furniture,205.93,261,4.5,0.24,8,My through surface Republican until point soldier. Difference world society door management guess occur.
P0083,Persistent neutral capacity,DIY,59.21,43,3.8,0.16,5,Assume huge response long. Shoulder statement available win politics last. General there sister policy consider whom item. Story million fight class.
P0084,Triple-buffered directional hardware,Electronics,37.08,487,4.2,0.06,4,Suffer economy play nearly by. Pass behavior political option oil. Probably result painting successful.
P0085,Re-contextualized 6thgeneration algorithm,Garden,52.73,23,5.0,0.16,4,We side enough. Short indicate police marriage phone.
P0086,Implemented secondary framework,Home Decor,31.12,212,3.0,0.18,10,Source rate father authority art. Indeed less future century technology floor. Wish candidate have no five letter.
P0087,Future-proofed local encryption,Furniture,125.9,75,4.7,0.22,1,Anything war ten industry. Spend value return couple.
P0088,Diverse modular migration,Tools,235.74,112,4.5,0.18,3,These market bed hotel lead drive on. Anything manager think. Experience account blue care enough hand idea.
P0089,Balanced impactful application,Furniture,24.56,127,3.6,0.2,2,Crime network available mean share evidence writer. Budget window hour some fund voice sense current. Husband American although require sound mind chance.
P0090,Profound client-driven Graphic Interface,DIY,164.03,286,3.3,0.19,10,Class wrong school federal from stock. Majority none little admit former body indicate. Someone rise read ago listen. Officer return on color pick people subject challenge.
P0091,Synergized dynamic alliance,Furniture,187.67,368,3.6,0.23,9,Course kid industry include. Improve simple turn their save. Relationship million night your.
P0092,Polarized multi-tasking implementation,Furniture,270.19,380,3.6,0.19,8,Least mouth national put. Particular court east newspaper different. Side relate real major look.
P0093,Realigned uniform focus group,Home Decor,194.92,392,3.7,0.07,9,Of myself time house. West source fact explain research get.
P0094,Organic solution-oriented extranet,Furniture,32.47,146,3.2,0.09,4,Dark Mrs usually receive case. Scientist dream anything toward difficult do beyond form. Beyond side accept nearly upon imagine various.
P0095,Phased mission-critical projection,Sports,33.37,77,3.5,0.05,4,Fly position traditional become off. School sure also TV individual study value.
P0096,Automated hybrid toolset,Garden,28.63,208,3.9,0.11,6,View while unit theory. Fear owner up. Expect writer myself management voice surface.
P0097,Persistent encompassing core,Garden,251.54,199,4.9,0.01,10,Class learn either control say so. Purpose cover particularly police if into foreign.
P0098,Open-architected static attitude,Home Decor,176.95,244,4.9,0.08,1,Local very according himself. Send west few reveal activity president realize.
P0099,Centralized static capability,Furniture,257.5,488,3.8,0.19,7,Civil rather type thousand show. Police wait happen determine. Long lawyer writer health.
P0100,Total neutral leverage,Home Decor,184.94,112,3.0,0.11,8,Seven quite other skin moment. Region back nor article natural measure of. Clearly take kind quite.
P0101,Universal optimal matrix,Tools,122.77,342,4.3,0.21,7,Knowledge argue car indeed nor next pull. Rich how staff second official.
P0102,Balanced interactive hardware,Garden,294.41,273,4.8,0.15,1,Yes various attorney value all important shoulder. Hear through large true help bag.
P0103,Switchable needs-based challenge,DIY,17.86,329,2.8,0.12,7,Condition Mr more road. Strong series without leg rest. Mother statement easy get every visit.
P0104,Up-sized well-modulated budgetary management,Tools,85.45,167,3.6,0.09,4,Past view threat drive attack order.
P0105,Organized radical service-desk,Furniture,90.69,487,3.1,0.03,7,Scientist I doctor describe tell.
P0106,Centralized client-driven middleware,Tools,227.22,26,3.1,0.03,6,Staff rule five our pull. Down then worry miss including every.
P0107,Realigned optimizing support,DIY,21.67,15,3.0,0.01,4,Quickly new another general poor high modern recent. Chance heavy senior list support feeling.
P0108,Triple-buffered client-server workforce,Garden,79.18,242,3.9,0.06,2,None whose newspaper care. Effort form bad last he. Right couple environmental purpose owner them could.
P0109,Virtual optimizing success,DIY,84.31,188,4.0,0.24,3,Look thank four whatever address. While bring yourself look drug. Region however dream focus executive letter possible final.
P0110,Multi-lateral multimedia methodology,DIY,43.21,419,4.9,0.04,3,Sort reveal seven floor. Have including none determine certainly. Network once result far cultural.
P0111,Focused homogeneous open system,Tools,279.38,294,3.5,0.18,7,Nearly want front shake major rich science. Collection some college result major true my.
P0112,Stand-alone analyzing moderator,Tools,181.71,425,2.8,0.2,4,War property share include.
P0113,Self-enabling discrete architecture,Home Decor,208.44,412,4.5,0.15,2,Despite lay art. Tree process administration mother in admit reveal movie.
P0114,Horizontal 3rdgeneration middleware,Tools,110.69,219,2.7,0.17,6,Blood benefit chance court. Education great some bad where learn during. Feel stock ball yard practice.
P0115,Automated background initiative,Tools,256.38,421,2.8,0.24,8,Need argue act commercial matter its. Not teach believe month amount deep. Little another avoid understand tonight nor allow.
P0116,Intuitive 3rdgeneration database,DIY,268.56,235,3.6,0.19,3,Sell require huge baby. Nor note support quality. Forward sense cause write right may window. Best discussion away.
P0117,Robust zero administration pricing structure,DIY,88.32,413,4.4,0.12,9,Why for plant situation late direction. Wait it quickly produce beat peace something. Bank child Republican plant. First blood accept final growth especially.
P0118,De-engineered background contingency,Home Decor,222.0,137,4.6,0.21,6,News mention billion bed never others six. Activity including single right nice yeah. Occur college herself catch feeling.
P0119,Proactive client-server architecture,Tools,90.89,230,4.4,0.15,4,Every feel site guess want result. Order crime blood fight we forward per.
P0120,Managed leadingedge groupware,DIY,119.91,14,4.6,0.05,8,Carry fly water cut fire who why fact. Whose site for exactly skill half usually. Or nation race nearly well.
P0121,Persistent tertiary database,Garden,112.9,132,3.2,0.15,6,Story attorney summer some pull. Plan drug probably resource. Available wrong look husband media turn.
P0122,Team-oriented intangible moratorium,Electronics,171.18,264,2.7,0.18,4,Reduce speech order trial body eat.
P0123,Synchronized heuristic concept,Furniture,171.0,123,4.1,0.13,8,None population position. Whole involve action else member million. Reach determine hear leg quickly real character young. Bit indeed which break wait center find.
P0124,Persevering zero tolerance database,Home Decor,15.0,150,3.5,0.07,4,Give best reveal laugh attack and represent. Support possible quality. Upon scientist might necessary.
P0125,Managed next generation interface,DIY,178.65,242,3.8,0.11,9,Something picture control price how. Third last involve above Democrat everything region somebody. Big the cost for leader energy television.
P0126,Progressive scalable functionalities,DIY,169.61,180,3.2,0.07,8,Particularly only girl suddenly pay sport. Try opportunity public finish draw. Consumer really memory industry. Offer institution main Mr.
P0127,Stand-alone context-sensitive open architecture,Tools,219.17,161,4.4,0.24,2,Eye cost success people tend weight machine. Spring white measure manager range.
P0128,Operative tertiary intranet,DIY,63.69,110,3.2,0.15,8,Bar air set factor. Different eye sit not significant. Near both box simple statement happen state.
P0129,Balanced well-modulated success,Home Decor,162.14,144,4.6,0.08,2,Despite interesting save president easy themselves allow. Give stage keep yes simply. Decide scene ready technology particular.
P0130,Optimized composite pricing structure,Electronics,62.04,7,2.8,0.02,9,Spend south now mother others. Food region eye environment.
P0131,Profound systematic attitude,Tools,170.47,357,4.1,0.19,3,Try yeah term camera tend economic. Stock seven put majority officer environmental.
P0132,Operative homogeneous knowledge user,Tools,263.09,293,3.7,0.12,5,Idea seek reason theory. Wear force able similar run room learn.
P0133,Synchronized tangible help-desk,Garden,289.99,129,2.8,0.03,8,Huge why station manager follow exist natural. Not magazine gas radio.
P0134,Business-focused 6thgeneration attitude,Furniture,31.48,322,2.9,0.2,1,Administration upon citizen lead yeah into yet. Think few themselves theory. Pressure economy head tough. Appear personal rise sense.
P0135,Optimized solution-oriented array,Electronics,34.7,127,3.9,0.11,2,Degree back order. Quite act receive stage write institution car.
P0136,Compatible discrete info-mediaries,Sports,239.31,115,3.5,0.23,9,Billion happen federal him. Political quality attention none.
P0137,Seamless solution-oriented concept,Electronics,259.45,219,3.9,0.02,5,Reveal physical character in rather team. To cause but role. White fire cause everybody base network.
P0138,Right-sized uniform portal,DIY,38.78,390,4.1,0.07,4,Summer probably feeling. Parent country hot position six soldier dream.
P0139,Networked bifurcated encoding,Tools,55.55,88,2.7,0.01,9,Audience thousand activity guess first hit stuff inside. Raise several west side admit attack energy. Two we huge.
P0140,Horizontal responsive structure,Furniture,209.92,240,2.6,0.08,5,Interest I policy Mrs check base. Memory data space movie. Only shake power poor financial join.
P0141,Front-line analyzing encryption,Electronics,213.87,232,4.2,0.23,2,Break partner area program price compare. Remain reduce clearly.
P0142,Monitored multi-state model,Home Decor,239.46,301,3.6,0.14,4,Head seek them run. Sign ahead southern evening.
P0143,Cloned empowering structure,DIY,53.21,136,2.7,0.05,3,Baby lawyer growth matter note happy effort bill. Purpose boy scientist able teach activity animal. Him change use tax need trial.
P0144,User-centric solution-oriented instruction set,Electronics,182.56,422,4.8,0.12,10,Eat trouble floor step number budget. Conference source wonder.
P0145,Open-architected asymmetric Local Area Network,Furniture,209.72,358,4.9,0.13,7,Force network account customer nor. Science drug happy will young.
P0146,Vision-oriented dedicated superstructure,Furniture,136.95,306,4.7,0.19,1,Character usually agency must player. Week ability price. Billion morning draw man art.
P0147,Digitized transitional focus group,Sports,82.61,46,4.9,0.21,4,Tv today mind. Learn security oil measure PM hour.
P0148,Reverse-engineered non-volatile approach,Sports,180.27,10,3.9,0.19,5,Door end fire song. Fish evening avoid dark sister once. Black last finish building.
P0149,Multi-channeled zero administration database,Garden,146.45,333,4.8,0.05,8,Leg system bed space fight. American structure foreign before eat green message quality. Star community weight take new.
P0150,Reactive dynamic attitude,Sports,136.41,416,4.9,0.12,8,Sound cause activity store. Candidate statement head piece popular. Only true avoid young cup position speak begin.
P0151,Managed bottom-line analyzer,Furniture,106.66,343,4.6,0.09,2,Collection off start. Many him interview government traditional every. Third alone people early far include nearly.
P0152,Centralized background focus group,DIY,153.69,339,4.5,0.14,7,Information poor something eat. Some writer site grow name machine tree. Focus establish ago others ahead specific exactly.
P0153,Phased multi-tasking help-desk,Furniture,35.54,129,2.8,0.2,6,Wind beyond prevent entire staff. Shake way offer work. Great stuff suddenly compare or south. Trial agreement red way nor none.
P0154,Ergonomic modular moratorium,Home Decor,159.23,0,3.7,0.02,9,Make bed discussion despite. Long forward pass southern future concern sort.
P0155,Inverse analyzing adapter,Sports,114.92,387,4.1,0.19,8,Relate center book money half authority relate product. Big few carry church we social whether power.
P0156,Enhanced tertiary open architecture,Garden,87.45,67,3.6,0.18,5,Development open compare fill read camera. We we hot. Allow own TV whose determine not view. Former back get floor.
P0157,Sharable background strategy,Tools,18.37,322,4.5,0.18,10,Activity decide really go skin result answer. Run why this manage her national. Stock small official serve.
P0158,Face-to-face cohesive knowledge user,Electronics,169.74,282,2.7,0.25,7,Far five weight. Game thousand claim avoid.
P0159,Cross-group global policy,Tools,143.82,60,3.7,0.18,3,Relate issue president parent its approach former. Important never understand music produce. Down anyone occur style child. About because station person lose best.
P0160,Expanded composite productivity,Sports,214.57,212,5.0,0.07,8,List break size likely. Before name continue those hard.
P0161,Organized 6thgeneration firmware,Sports,51.95,97,3.8,0.22,10,Enjoy student nor character recent benefit property. Including series dinner article hit mission whole. Of dog federal house take alone number.
P0162,Programmable object-oriented service-desk,Home Decor,30.24,395,3.3,0.2,7,Build serious common worker. Speak call interest write itself. Challenge organization floor road southern beautiful news need. Mind true actually red onto.
P0163,Operative bifurcated instruction set,Electronics,247.96,144,4.6,0.15,5,Note old who beyond. None big experience movie.
P0164,Monitored incremental firmware,DIY,152.0,76,3.8,0.09,8,Occur list common idea peace race I. Threat former down second TV today. Full soldier financial.
P0165,Pre-emptive tangible software,Sports,231.23,193,4.8,0.22,8,Care wind kitchen stay especially. Painting become kid tree imagine machine.
P0166,Programmable holistic approach,DIY,79.25,196,4.6,0.11,4,Assume remember idea sister. These ahead cover strategy student economic lead. Relate ever statement measure play buy.
P0167,Assimilated disintermediate hub,Electronics,225.96,361,3.5,0.17,7,Land whether listen necessary general study else store. Expect hit clear occur. Tax positive question especially important.
P0168,Ameliorated zero-defect throughput,Home Decor,199.09,77,4.9,0.04,8,Treatment positive over across education source figure.
P0169,Triple-buffered secondary focus group,Sports,106.28,51,2.7,0.23,8,Surface learn design few minute perhaps. Bill memory production successful hear positive participant fear. Loss from everybody foot.
P0170,Grass-roots empowering projection,Tools,219.51,209,2.7,0.2,3,Change she tonight south sort. Identify floor cause agent market fast trade identify.
P0171,User-centric 5thgeneration paradigm,Electronics,108.18,354,4.1,0.21,7,Gas require rather point little. Medical suddenly subject theory Congress best. Scientist rise next tree.
P0172,Synergized full-range projection,Home Decor,205.56,273,4.9,0.16,7,Great season film small former. One less brother approach plant.
P0173,Reduced regional archive,Home Decor,151.5,277,4.0,0.07,1,Matter test high fear approach. Case customer important notice. Century television Congress ball forward would finish.
P0174,Centralized 24hour knowledge user,DIY,277.07,116,3.6,0.03,2,Seven collection share majority shake. Can its investment investment.
P0175,Polarized human-resource ability,DIY,214.13,51,2.9,0.08,8,Current health add focus street course quality.
P0176,Self-enabling upward-trending encryption,Tools,23.34,407,3.2,0.1,1,Fine bill me fill assume animal. Lay minute model its rather.
P0177,Devolved global matrix,Garden,80.82,210,4.2,0.05,10,Close trade speech affect difference. Deep against mean but. Heart policy side.
P0178,Secured actuating policy,Garden,32.9,445,4.0,0.07,7,President after ready indicate.
P0179,Multi-tiered bottom-line neural-net,Sports,51.5,236,3.6,0.17,5,Reduce day rate act inside big minute. Paper case store bit responsibility brother box blood.
P0180,Exclusive real-time customer loyalty,Home Decor,144.92,147,2.9,0.12,9,Win group important civil nature travel read. Former able public trade structure protect chance.
P0181,Cross-group zero-defect migration,Electronics,296.42,153,4.2,0.12,7,Toward popular lead with. Less between company always fact.
P0182,Synergistic foreground interface,Electronics,67.77,196,2.8,0.1,8,Surface three act catch. Forget thus western environmental.
P0183,Upgradable background hub,Electronics,176.7,358,2.6,0.21,5,Box hundred lead structure. Son power someone both receive around wall. Billion treat lot notice.
P0184,Organic contextually-based pricing structure,Furniture,89.6,289,4.8,0.19,1,Particularly television they road through low. Both in animal energy fire relate question. Rich difference what their mind read peace.
P0185,Optional stable superstructure,Home Decor,272.21,146,4.0,0.09,4,Generation put his stuff next write approach. Measure light many close.
P0186,Versatile mobile Graphic Interface,DIY,65.14,128,4.1,0.23,3,Wife anyone development poor idea dog. Know of because material firm wonder seat.
P0187,Ameliorated bi-directional initiative,DIY,21.43,403,2.6,0.1,8,News a before. White point three none pressure lay future stay. Such forward should outside respond.
P0188,Multi-lateral transitional knowledge user,Garden,36.14,151,4.4,0.05,6,Service develop game stop. Natural hear blood to manage.
P0189,Universal value-added success,Garden,238.09,448,3.8,0.23,6,Effect cultural building system. Lead sit response blue increase. But through leader operation mean white above save.
P0190,Reactive intermediate paradigm,Home Decor,57.72,467,4.9,0.08,8,Sit travel reality community spring billion price. Third mean his woman trouble several event white. Laugh card include record security.
P0191,Innovative tangible neural-net,Home Decor,108.23,58,4.9,0.04,8,Plan cut person fact generation public wonder. Mean reason follow break. No old wall report purpose throw.
P0192,Public-key executive interface,Garden,259.44,370,4.9,0.2,7,Blood herself apply argue environment size worker.
P0193,Synergized eco-centric circuit,Electronics,36.19,202,3.2,0.04,1,Daughter must grow laugh pattern. Ten score night down six sometimes explain.
P0194,Synchronized actuating implementation,Electronics,205.12,344,4.0,0.21,5,What wish fine need actually edge. Than team kitchen difficult plant remember happy open. Cultural right cover large work avoid while same.
P0195,Decentralized homogeneous analyzer,Electronics,41.42,119,2.6,0.22,8,News candidate once effort form. Always up others similar. Past product make of group six fish detail.
P0196,Enterprise-wide multi-state architecture,Sports,105.12,312,4.1,0.16,4,Indeed Mr begin determine. Professional former family wear peace. You statement wonder across protect knowledge toward.
P0197,Seamless regional encryption,Furniture,273.72,154,2.8,0.02,7,High someone box either rich agency.
P0198,Programmable zero administration hub,Tools,98.27,252,2.7,0.22,2,Knowledge analysis together court message way cold. Mouth phone decision picture defense rate structure. Mrs reflect wish simple position.
P0199,Compatible value-added software,Garden,122.71,189,3.5,0.19,9,Learn forward beautiful. Concern edge audience.
